time,density,gyrate,hbnum,hbond,kinetic_energy,potential,pressure,rmsd,rmsf,sasa,temperature,total_energy
0,1021.0731406666667,1.537685,140.0,140.0,81092.30729133333,-475272.6875,-10.092880333333332,4e-07,0.13046,84.696,299.7192076666667,-394180.3854166667
10,1023.9422854000001,1.547452,136.0,136.0,81065.7156252,-474677.6,120.6260436,4e-07,0.08644444444444445,87.052,299.6209292,-393611.88125
20,1021.5646118000001,1.551289,124.0,124.0,81056.5421874,-474388.29375,-66.7290558,4e-07,0.08636363636363636,85.745,299.5870238,-393331.75
30,1020.5966673999999,1.552704,136.0,136.0,81309.4109376,-474887.8,-67.3266682,4e-07,0.07565555555555555,87.809,300.5216372,-393578.3875
40,1020.8585816000001,1.548137,125.0,125.0,81315.5765626,-475102.33125,-44.231543,4e-07,0.11693636363636363,88.315,300.5444032,-393786.75625
50,1020.102234,1.547521,129.0,129.0,81038.8984376,-474933.6,93.5495142,4e-07,0.12842222222222222,86.88,299.521808,-393894.70625
60,1022.435144,1.561718,127.0,127.0,81784.1812502,-475299.44375,7.271278399999997,4e-07,0.09397272727272728,87.199,302.2763854,-393515.2625
70,1021.8308713999999,1.555404,128.0,128.0,81136.859375,-475480.4875,10.293531799999998,4e-07,0.07706666666666667,87.088,299.8838686,-394343.61875
80,1021.6109253999999,1.552048,124.0,124.0,81166.7609374,-474508.7125,69.96956279999999,4e-07,0.10175454545454544,86.569,299.994409,-393341.95
90,1021.9775756000001,1.554952,124.0,124.0,81090.540625,-474692.95,25.1265378,4e-07,0.1092,87.159,299.7126952,-393602.40625
100,1020.7447998,1.548132,123.0,123.0,81242.8703122,-474566.10625,-17.1224916,4e-07,0.12254545454545455,86.98,300.2756836,-393323.2375
110,1022.5611938,1.547231,135.0,135.0,81121.378125,-475384.2375,18.339334800000007,4e-07,0.07586666666666667,88.026,299.8266482,-394262.85625
120,1018.943457,1.551355,132.0,132.0,81252.3468748,-474954.0125,-88.9120828,4e-07,0.07879090909090909,88.394,300.3107178,-393701.6625
130,1019.2898924000001,1.548959,129.0,129.0,81172.796875,-474761.50625,-113.05916239999999,4e-07,0.07741111111111111,86.084,300.01671139999996,-393588.70625
140,1020.6178712000001,1.549607,123.0,123.0,81326.6296876,-475239.91875,18.7905304,4e-07,0.09082727272727273,87.233,300.5852844,-393913.2875
150,1020.8477538,1.550484,126.0,126.0,81289.8,-474625.8375,84.7524544,4e-07,0.193325,87.658,300.4491518,-393336.0375
160,1020.2168458,1.552057,126.0,126.0,81150.7875,-474749.85,92.6132662,4e-07,0.193325,86.795,299.935376,-393599.06875
170,1022.6525878,1.545724,130.0,130.0,81212.1125,-474524.31875,-27.205408999999996,4e-07,0.193325,86.903,300.1620056,-393312.2
180,1021.939746,1.542393,133.0,133.0,80788.70625,-475354.6875,-108.4148322,4e-07,0.193325,87.21,298.5970886,-394565.98125
190,1023.7460938,1.544364,122.0,122.0,81110.1921876,-475333.11875,139.41128540000003,4e-07,0.193325,86.845,299.785309,-394222.91875
200,1018.3361327999999,1.547378,133.0,133.0,81852.58125,-474815.875,-33.6607772,4e-07,0.193325,85.684,302.529193,-392963.29375
210,1020.8621338,1.543213,130.0,130.0,81020.4874998,-474823.95,-1.4466183999999984,4e-07,0.193325,86.696,299.453778,-393803.4625
220,1020.7090698,1.539929,130.0,130.0,81675.45156280001,-475059.4875,11.459645200000002,4e-07,0.193325,86.245,301.87451780000004,-393384.03125
230,1021.1641477999999,1.53449,132.0,132.0,80955.75625,-475187.5125,88.7375016,4e-07,0.193325,85.376,299.21450799999997,-394231.75
240,1023.0872926,1.538241,132.0,132.0,80945.6718752,-474795.88125,-75.31044779999999,4e-07,0.193325,86.483,299.1772278,-393850.2
250,1020.7162842,1.541475,124.0,124.0,81768.1078124,-474824.525,19.905944799999997,4e-07,0.193325,87.082,302.2169984,-393056.41875
260,1023.9222046000001,1.542351,129.0,129.0,81071.4046876,-475219.80625,-39.7454886,4e-07,0.193325,85.267,299.64195540000003,-394148.40625
270,1020.2246094,1.548691,122.0,122.0,80844.6656252,-474948.4625,-61.06155220000001,4e-07,0.193325,87.212,298.8039368,-394103.79375
280,1022.1132690000001,1.537816,124.0,124.0,80933.75,-475115.05625,108.9578604,4e-07,0.193325,86.792,299.13317859999995,-394181.3
290,1021.1749878,1.54728,121.0,121.0,81001.953125,-474636.5875,9.737392000000002,4e-07,0.193325,87.468,299.38527220000003,-393634.6375
300,1021.7727902,1.540506,120.0,120.0,81059.9359376,-475009.525,-9.683973799999999,4e-07,0.193325,86.912,299.5995728,-393949.59375
310,1024.1098022,1.540549,128.0,128.0,80937.1968752,-475774.4125,105.9770518,4e-07,0.193325,86.12,299.1459168,-394837.2125
320,1021.7764891999999,1.536239,128.0,128.0,81144.5375,-474758.14375,25.7064002,4e-07,0.193325,86.38,299.91225599999996,-393613.60625
330,1020.033557,1.548782,122.0,122.0,81428.571875,-475613.75625,45.4296128,4e-07,0.193325,86.981,300.9620606,-394185.1875
340,1020.8326537999999,1.544238,120.0,120.0,81045.296875,-475328.75625,-111.7722656,4e-07,0.193325,85.489,299.545453,-394283.4625
350,1020.4559938,1.545106,121.0,121.0,80904.4281248,-474744.86875,42.7174998,4e-07,0.193325,85.745,299.02479860000005,-393840.44375
360,1020.4258668,1.540477,122.0,122.0,81673.95156280001,-474618.1875,-117.52630179999998,4e-07,0.193325,85.049,301.868988,-392944.23125
370,1019.5881833999999,1.555699,134.0,134.0,81543.39218719999,-475203.16875,-128.3935978,4e-07,0.193325,87.509,301.38643179999997,-393659.78125
380,1021.5397461999999,1.54564,123.0,123.0,81126.5390626,-475251.09375,-28.724217999999997,4e-07,0.193325,88.351,299.8457338,-394124.55625
390,1020.1206788,1.543425,127.0,127.0,81272.628125,-475024.525,-47.3685404,4e-07,0.193325,87.059,300.3856812,-393751.89375
400,1020.980652,1.533393,117.0,117.0,80987.7765626,-474970.59375,5.079398199999999,4e-07,0.193325,85.791,299.332843,-393982.8125
410,1019.0656862,1.551999,120.0,120.0,81479.5703126,-474674.35625,122.69023059999999,4e-07,0.193325,87.267,301.150537,-393194.7875
420,1021.7601682000001,1.541346,114.0,114.0,81460.7671874,-474867.975,94.182294,4e-07,0.193325,84.916,301.08104860000003,-393407.20625
430,1023.1576418000001,1.548387,124.0,124.0,80926.6484374,-475729.95625,83.2935166,4e-07,0.193325,89.199,299.10692140000003,-394803.3125
440,1021.1309084000001,1.550317,125.0,125.0,81071.5625,-475459.9375,-61.4169178,4e-07,0.193325,88.238,299.6425292,-394388.36875
450,1022.1558474000001,1.5473,121.0,121.0,81467.6765626,-474806.825,3.814733600000005,4e-07,0.193325,87.665,301.1065794,-393339.15
460,1022.141699,1.547326,111.0,111.0,80672.1671876,-474609.35625,-88.469932,4e-07,0.193325,88.922,298.1663636,-393937.1875
470,1023.631372,1.549791,120.0,120.0,80806.1140624,-475396.1,-89.9278206,4e-07,0.193325,89.474,298.6614258,-394589.99375
480,1022.3106445999999,1.555887,115.0,115.0,81324.28750020001,-475138.30625,-15.726031999999998,4e-07,0.193325,88.494,300.5766236,-393814.01875
490,1018.2992308,1.564249,119.0,119.0,81410.4234378,-474861.0875,-97.69928340000001,4e-07,0.193325,89.484,300.894971,-393450.65625
500,1022.9150265999999,1.561415,120.0,120.0,81056.4984376,-475502.8625,16.5916932,4e-07,0.193325,89.847,299.5868468,-394446.3625
510,1023.3753054000001,1.56188,118.0,118.0,81204.3703126,-475626.825,-10.247907599999996,4e-07,0.193325,88.645,300.13341679999996,-394422.45625
520,1023.2025268000001,1.558971,118.0,118.0,81247.359375,-475834.23125,22.4258022,4e-07,0.193325,89.005,300.2923034,-394586.86875
530,1023.1709472,1.560531,117.0,117.0,81132.0328126,-475603.025,25.801443799999998,4e-07,0.193325,89.876,299.86603379999997,-394470.99375
540,1022.9339480000001,1.559985,121.0,121.0,81448.0624998,-475480.48125,19.713753200000003,4e-07,0.193325,88.996,301.034082,-394032.41875
550,1019.7637694000001,1.547632,119.0,119.0,80946.21249979999,-474573.3,-52.08704620000001,4e-07,0.193325,87.486,299.179242,-393627.08125
560,1021.594702,1.551978,119.0,119.0,81510.8578126,-474535.36875,-84.95746399999999,4e-07,0.193325,88.773,301.26619900000003,-393024.5125
570,1022.7373170000001,1.55223,120.0,120.0,81724.2671874,-474982.7,-111.4441608,4e-07,0.193325,88.982,302.05493160000003,-393258.4375
580,1020.8926146,1.550059,128.0,128.0,81479.4421874,-474522.21875,101.6604422,4e-07,0.193325,89.803,301.1500608,-393042.775
590,1022.2863404,1.555002,125.0,125.0,80927.5484376,-474661.80625,30.1454842,4e-07,0.193325,87.615,299.1102478,-393734.25625
600,1021.4832274,1.562434,121.0,121.0,81182.6921876,-475997.66875,26.086335399999996,4e-07,0.193325,88.304,300.05325320000003,-394814.975
610,1021.8419066,1.558889,115.0,115.0,81098.259375,-475229.71875,-207.865119,4e-07,0.193325,88.906,299.7411988,-394131.45
620,1021.5740724,1.555227,117.0,117.0,81222.4921874,-475163.36875,-20.011196400000003,4e-07,0.193325,87.923,300.2003664,-393940.875
630,1021.5801267999999,1.548928,120.0,120.0,81237.7453128,-475212.19375,-22.3095368,4e-07,0.193325,88.074,300.2567444,-393974.44375
640,1022.8822752,1.562881,128.0,128.0,81155.0296876,-475230.375,-81.0804084,4e-07,0.193325,88.215,299.9510376,-394075.35
650,1019.5927244000001,1.564195,102.0,102.0,80873.4171874,-474835.4,-25.085100399999998,4e-07,0.193325,88.924,298.9101928,-393961.9875
660,1022.0071046,1.559203,116.0,116.0,81004.25937479999,-475828.7625,69.0646972,4e-07,0.193325,88.532,299.3937744,-394824.5125
670,1022.7150146,1.561641,127.0,127.0,81328.0953124,-475077.88125,92.335037,4e-07,0.193325,90.236,300.59069220000003,-393749.7875
680,1024.0005859999999,1.556795,124.0,124.0,81365.203125,-475130.4625,-77.2873582,4e-07,0.193325,88.759,300.727832,-393765.25625
690,1021.7666505999999,1.55189,113.0,113.0,81056.925,-475794.8375,30.8952114,4e-07,0.193325,88.047,299.5884216,-394737.9125
700,1020.7657104,1.551039,114.0,114.0,81103.0656252,-474683.41875,-54.0935058,4e-07,0.193325,88.015,299.75896620000003,-393580.35
710,1021.8581666,1.559128,120.0,120.0,81421.9312502,-474627.64375,127.61329699999999,4e-07,0.193325,89.534,300.9375122,-393205.70625
720,1021.009961,1.55211,114.0,114.0,81226.215625,-474634.91875,-8.6660874,4e-07,0.193325,87.173,300.214148,-393408.7
730,1022.0746948,1.54741,128.0,128.0,81176.5046876,-474818.875,137.49057,4e-07,0.193325,86.774,300.0303834,-393642.3625
740,1019.6809203999999,1.548392,127.0,127.0,81109.8421876,-474612.4125,-68.970711,4e-07,0.193325,87.376,299.7840148,-393502.5625
750,1021.1101928,1.549282,124.0,124.0,81144.0156252,-475046.8625,-28.9095164,4e-07,0.193325,85.011,299.9103208,-393902.84375
760,1023.4563232,1.543189,127.0,127.0,80933.4906248,-475155.38125,-15.897622799999999,4e-07,0.193325,85.372,299.1322084,-394221.89375
770,1020.0283568000001,1.541829,125.0,125.0,81087.94375,-474693.525,25.8187722,4e-07,0.193325,84.353,299.7030944,-393605.5875
780,1020.515979,1.55463,118.0,118.0,81041.3,-475288.24375,-44.905659,4e-07,0.193325,86.488,299.53068240000005,-394246.95
790,1021.4757692,1.546,116.0,116.0,81099.6828126,-475225.18125,0.9143420000000049,4e-07,0.193325,86.596,299.74647219999997,-394125.5
800,1023.584497,1.556343,118.0,118.0,81257.52187520001,-475205.8625,129.2365992,4e-07,0.193325,86.036,300.32984619999996,-393948.3375
810,1023.3698609999999,1.548486,120.0,120.0,81519.5828126,-474911.81875,103.62401059999999,4e-07,0.193325,85.772,301.2984436,-393392.2375
820,1021.7039428,1.547255,119.0,119.0,81005.3468752,-475124.15,-52.156285600000004,4e-07,0.193325,84.736,299.3977908,-394118.80625
830,1022.9832888000001,1.547356,115.0,115.0,81158.6375,-474836.41875,-2.9850040000000027,4e-07,0.193325,86.121,299.9643676,-393677.78125
840,1023.315149,1.540948,122.0,122.0,81432.178125,-474481.8125,72.4234082,4e-07,0.193325,85.539,300.97537819999997,-393049.63125
850,1021.7919922000001,1.547129,124.0,124.0,81225.9171876,-474727.825,-65.3594488,4e-07,0.193325,86.499,300.2130496,-393501.9125
860,1022.032434,1.549967,114.0,114.0,81187.9375002,-475475.58125,41.27606960000001,4e-07,0.193325,87.472,300.07264399999997,-394287.6375
870,1022.7365722000001,1.541339,124.0,124.0,80951.109375,-475526.775,-68.2911572,4e-07,0.193325,87.947,299.1973634,-394575.66875
880,1022.4735352,1.546397,117.0,117.0,81267.6828126,-475157.95625,-58.025223200000006,4e-07,0.193325,87.017,300.3673948,-393890.2625
890,1020.4303588,1.544122,124.0,124.0,81199.8484376,-475295.35,-135.86274,4e-07,0.193325,85.482,300.116687,-394095.5
900,1020.7719238,1.544223,119.0,119.0,80895.5906248,-475364.5625,-118.0304016,4e-07,0.193325,85.972,298.9921386,-394468.975
910,1021.1323606,1.544017,116.0,116.0,81375.0265624,-475111.8375,-57.73625919999999,4e-07,0.193325,86.59,300.764154,-393736.80625
920,1021.1161378,1.538662,121.0,121.0,81720.8656248,-475151.13125,87.3622086,4e-07,0.193325,86.612,302.042383,-393430.275
930,1019.715503,1.539398,133.0,133.0,80872.0765622,-474881.43125,-59.192479000000006,4e-07,0.193325,88.065,298.90523659999997,-394009.35625
940,1020.1495974,1.544553,125.0,125.0,80903.30624979999,-474557.60625,34.7923914,4e-07,0.193325,85.333,299.02066060000004,-393654.30625
950,1022.8487916,1.549658,122.0,122.0,81290.459375,-474874.3,-64.4043816,4e-07,0.193325,86.884,300.4515626,-393583.84375
960,1020.960254,1.55308,122.0,122.0,81130.703125,-475133.025,66.1932054,4e-07,0.193325,87.456,299.8611024,-394002.31875
970,1021.4783326,1.543959,114.0,114.0,80942.65781219999,-475333.2125,43.837619000000004,4e-07,0.193325,86.583,299.1661134,-394390.5625
980,1022.6881713999999,1.550981,115.0,115.0,81283.4640624,-474596.325,71.2015722,4e-07,0.193325,85.886,300.425726,-393312.8625
990,1022.4004517999999,1.548005,123.0,123.0,80740.5390628,-475113.36875,32.1550026,4e-07,0.193325,88.19,298.41906140000003,-394372.825
1000,1020.6820676,1.542387,118.0,118.0,81120.9859376,-475486.89375,-71.4921622,4e-07,0.193325,86.436,299.8252196,-394365.90625
1010,1024.0282472,1.546771,109.0,109.0,81176.5859376,-475200.05,16.321663,4e-07,0.193325,86.117,300.0307068,-394023.4625
1020,1021.4285402000002,1.54732,120.0,120.0,81280.3734376,-475041.3125,5.2066439999999945,4e-07,0.193325,83.935,300.4143128,-393760.9375
1030,1022.4772581999999,1.554012,101.0,101.0,81429.3093748,-474711.23125,27.84046939999999,4e-07,0.193325,85.743,300.9647704,-393281.925
1040,1022.3777222000001,1.549619,125.0,125.0,81021.6078126,-475612.20625,157.83613739999998,4e-07,0.193325,85.045,299.457904,-394590.6
1050,1019.3585206,1.548059,122.0,122.0,81227.3546876,-475055.45,19.26266039999999,4e-07,0.193325,85.783,300.21834079999996,-393828.09375
1060,1022.4605468,1.544591,118.0,118.0,80983.3281252,-475335.45,-55.0571832,4e-07,0.193325,87.509,299.3164308,-394352.1125
1070,1019.533435,1.540117,110.0,110.0,80957.096875,-473981.70625,-110.44037499999999,4e-07,0.193325,85.863,299.219458,-393024.60625
1080,1020.6315066,1.543668,127.0,127.0,80835.86874979999,-475237.40625,68.4214422,4e-07,0.193325,85.445,298.771405,-394401.5375
1090,1020.6013552000001,1.534078,133.0,133.0,81025.7078126,-475107.96875,16.247451599999998,4e-07,0.193325,85.16,299.473041,-394082.2625
1100,1024.337976,1.55199,122.0,122.0,81176.5515626,-475960.70625,276.763832,4e-07,0.193325,86.549,300.0305724,-394784.15
1110,1022.0581054,1.54352,125.0,125.0,81069.1453124,-475041.28125,33.50822519999999,4e-07,0.193325,85.153,299.6335938,-393972.13125
1120,1022.4467408,1.543872,120.0,120.0,81169.5999998,-475154.71875,-166.1055404,4e-07,0.193325,85.78,300.0048888,-393985.11875
1130,1022.1677980000001,1.5514,126.0,126.0,81294.3171874,-475328.4125,16.3072668,4e-07,0.193325,86.077,300.4658266,-394034.09375
1140,1023.0324096,1.553236,122.0,122.0,80909.6609374,-474980.3375,114.7741778,4e-07,0.193325,86.858,299.0441712,-394070.68125
1150,1022.3785768,1.550227,122.0,122.0,80764.94687479999,-475437.1375,-5.372986800000001,4e-07,0.193325,86.468,298.50925900000004,-394672.1875
1160,1022.1628542000001,1.545674,121.0,121.0,81065.0734374,-474688.35625,-19.321347000000003,4e-07,0.193325,85.169,299.61854860000005,-393623.2875
1170,1021.1289794,1.547777,128.0,128.0,81105.4796876,-475313.3875,-68.72392479999999,4e-07,0.193325,86.318,299.7678892,-394207.90625
1180,1022.0141970000001,1.542773,121.0,121.0,81331.54062479999,-474658.85,-3.1935045999999945,4e-07,0.193325,86.271,300.603424,-393327.3125
1190,1020.9690918,1.552542,118.0,118.0,81272.32187479999,-475769.34375,38.221028399999994,4e-07,0.193325,88.103,300.384546,-394497.025
1200,1020.6450074,1.546502,128.0,128.0,81776.5546876,-475103.45625,0.044180799999999465,4e-07,0.193325,85.787,302.2481994,-393326.9
1210,1020.4728638,1.547162,129.0,129.0,81225.0156252,-475063.11875,-9.527215599999995,4e-07,0.193325,86.005,300.2096986,-393838.10625
1220,1023.7257079999999,1.546965,125.0,125.0,81178.3953126,-475002.95625,-85.0737862,4e-07,0.193325,85.811,300.0373962,-393824.55625
1230,1021.8574705999999,1.544048,126.0,126.0,80863.4953124,-475603.94375,-45.0402108,4e-07,0.193325,87.061,298.8735046,-394740.45
1240,1021.1438596,1.547304,120.0,120.0,81387.778125,-475117.36875,-77.7629448,4e-07,0.193325,85.765,300.81129139999996,-393729.59375
1250,1022.6898315999999,1.536613,119.0,119.0,80939.1484374,-475364.11875,88.8202944,4e-07,0.193325,84.808,299.1531314,-394424.96875
1260,1022.1917111999999,1.540233,127.0,127.0,81403.8359374,-474580.6875,36.692719,4e-07,0.193325,84.761,300.87063,-393176.85625
1270,1022.3711792,1.543895,121.0,121.0,81030.9296876,-475096.53125,43.7384536,4e-07,0.193325,85.679,299.492346,-394065.59375
1280,1019.2992554,1.551614,130.0,130.0,80920.5750002,-474931.71875,-81.23346260000001,4e-07,0.193325,87.311,299.084497,-394011.14375
1290,1020.106494,1.539641,135.0,135.0,81420.6640624,-474929.7,182.1134628,4e-07,0.193325,85.19,300.93283099999996,-393509.0375
1300,1020.0817382000001,1.543977,127.0,127.0,81027.7765626,-475009.78125,-14.544250800000004,4e-07,0.193325,85.803,299.4806884,-393982.0125
1310,1019.9519778,1.548125,126.0,126.0,81186.4453124,-475126.53125,-17.680969999999995,4e-07,0.193325,86.821,300.06713879999995,-393940.0875
1320,1022.1947266,1.552095,126.0,126.0,80916.434375,-475207.13125,31.421181600000004,4e-07,0.193325,85.153,299.0691894,-394290.6875
1330,1020.2871094,1.542372,124.0,124.0,81283.765625,-474803.9375,-37.8465264,4e-07,0.193325,84.161,300.4268494,-393520.18125
1340,1021.0057130000001,1.541064,118.0,118.0,80719.6390624,-475351.3625,-1.9191954000000009,4e-07,0.193325,85.432,298.34180299999997,-394631.73125
1350,1021.1490722000001,1.548664,123.0,123.0,81340.0265626,-475413.475,82.9810714,4e-07,0.193325,87.342,300.63478399999997,-394073.44375
1360,1021.1037964,1.556022,125.0,125.0,81534.5156248,-475033.89375,29.675060399999996,4e-07,0.193325,85.232,301.3536134,-393499.38125
1370,1021.8593504,1.548435,139.0,139.0,80903.95625,-474935.7375,-114.3142914,4e-07,0.193325,86.477,299.023047,-394031.78125
1380,1022.0685304000001,1.56355,117.0,117.0,80755.6203124,-475609.025,-9.884693799999999,4e-07,0.193325,87.323,298.4747986,-394853.4
1390,1020.6931517999999,1.54769,116.0,116.0,80906.7484374,-475208.45,-94.2035352,4e-07,0.193325,86.226,299.03337999999997,-394301.7
1400,1022.8498534,1.535137,123.0,123.0,81396.45,-476022.25625,48.8228418,4e-07,0.193325,85.089,300.8433288,-394625.80625
1410,1023.419458,1.54696,124.0,124.0,81125.9203124,-475657.15625,121.75151759999999,4e-07,0.193325,86.685,299.8434388,-394531.2375
1420,1021.045398,1.551492,126.0,126.0,81057.8921874,-475626.9625,-28.237830999999993,4e-07,0.193325,87.009,299.5920226,-394569.06875
1430,1023.4696164,1.547573,117.0,117.0,81173.7625,-475287.49375,70.49599500000001,4e-07,0.193325,85.816,300.0202818,-394113.73125
1440,1022.111792,1.550983,134.0,134.0,81268.5546874,-475049.00625,-2.2270616000000016,4e-07,0.193325,85.489,300.3706298,-393780.45
1450,1021.5075926000002,1.553015,124.0,124.0,80992.45625,-475553.1375,85.6677338,4e-07,0.193325,85.325,299.3501648,-394560.68125
1460,1021.9963621999999,1.542049,123.0,123.0,81489.74375,-475555.41875,8.946336799999997,4e-07,0.193325,86.308,301.188147,-394065.66875
1470,1022.3023681999999,1.544188,128.0,128.0,81300.0140624,-475301.2,64.7559952,4e-07,0.193325,86.26,300.48690799999997,-394001.19375
1480,1021.4955932,1.543746,123.0,123.0,81414.2156248,-475110.21875,73.6288048,4e-07,0.193325,85.484,300.9089722,-393696.0
1490,1019.9946166,1.548946,127.0,127.0,81514.0890626,-474754.66875,5.848959399999996,4e-07,0.193325,85.612,301.278131,-393240.58125
1500,1020.6459962000001,1.546859,116.0,116.0,81386.00625,-475460.9625,-22.917676000000004,4e-07,0.193325,86.749,300.8047302,-394074.95625
1510,1020.8679322,1.548156,127.0,127.0,81160.575,-475142.89375,29.731433,4e-07,0.193325,87.757,299.971515,-393982.31875
1520,1022.9354126000001,1.545924,128.0,128.0,81136.9671874,-475289.76875,57.678336,4e-07,0.193325,86.646,299.88426519999996,-394152.80625
1530,1022.3679565999998,1.540182,127.0,127.0,81207.7249998,-475387.96875,58.783082,4e-07,0.193325,84.684,300.145801,-394180.24375
1540,1020.9657836,1.550698,125.0,125.0,80884.1859376,-475986.39375,93.9537842,4e-07,0.193325,85.418,298.950006,-395102.20625
1550,1021.9611206,1.54348,133.0,133.0,81100.8328126,-474882.3875,-79.7350424,4e-07,0.193325,86.076,299.7507326,-393781.55625
1560,1021.4837402,1.556882,123.0,123.0,81524.50625,-475013.5125,30.8060332,4e-07,0.193325,86.353,301.3166322,-393489.0
1570,1018.6138183999999,1.556737,121.0,121.0,81623.4328126,-475429.65,-195.2111092,4e-07,0.193325,86.034,301.6822694,-393806.2125
1580,1021.6604982000001,1.552399,121.0,121.0,80892.6625,-475619.875,135.1598192,4e-07,0.193325,87.157,298.9813352,-394727.2125
1590,1021.0091066000001,1.547008,128.0,128.0,80920.1640626,-475631.65625,-47.1064588,4e-07,0.193325,87.3,299.08296540000003,-394711.5
1600,1022.4408202000001,1.554618,131.0,131.0,81284.2484372,-475409.53125,-13.396739400000001,4e-07,0.193325,87.326,300.4286378,-394125.2875
1610,1021.3582032,1.547377,130.0,130.0,81029.696875,-475234.7125,-15.942056400000004,4e-07,0.193325,85.537,299.4878052,-394205.0125
1620,1021.1557374,1.555494,128.0,128.0,81345.64375,-474994.2375,-137.24639059999998,4e-07,0.193325,87.177,300.6555542,-393648.59375
1630,1020.9310792,1.549591,122.0,122.0,80930.9,-475238.65625,-53.129998000000015,4e-07,0.193325,86.149,299.12261939999996,-394307.75
1640,1021.5097046000001,1.546477,121.0,121.0,81632.7546876,-475162.51875,-76.46576780000001,4e-07,0.193325,85.128,301.7167236,-393529.76875
1650,1022.3425904,1.562953,126.0,126.0,81045.9640628,-475627.23125,79.39508140000001,4e-07,0.193325,85.986,299.5479124,-394581.26875
1660,1021.260388,1.549119,124.0,124.0,81279.0515628,-474726.8875,-53.104476399999996,4e-07,0.193325,86.742,300.409418,-393447.83125
1670,1020.584314,1.548994,124.0,124.0,80712.1374998,-475232.825,-130.772918,4e-07,0.193325,85.941,298.31409279999997,-394520.69375
1680,1021.833972,1.549469,122.0,122.0,81269.7359376,-475761.325,80.203684,4e-07,0.193325,85.215,300.375,-394491.5875
1690,1022.4512208,1.542886,118.0,118.0,80979.9249998,-475515.2625,38.745249799999996,4e-07,0.193325,84.724,299.30383900000004,-394535.3375
1700,1022.3623535999999,1.541228,130.0,130.0,80702.3687502,-475084.34375,58.64323460000001,4e-07,0.193325,85.204,298.2780092,-394381.96875
1710,1022.6233396,1.546303,121.0,121.0,80891.0953124,-474729.36875,-28.55324,4e-07,0.193325,84.312,298.97551899999996,-393838.275
1720,1022.2859861999999,1.547401,121.0,121.0,81746.9296874,-475341.5625,119.3630048,4e-07,0.193325,85.399,302.1387208,-393594.63125
1730,1023.7218018,1.536676,119.0,119.0,81236.0921876,-475453.69375,68.75634960000001,4e-07,0.193325,84.479,300.2506346,-394217.6
1740,1023.180359,1.541313,120.0,120.0,81256.940625,-474652.1375,-85.35217579999998,4e-07,0.193325,83.705,300.3277098,-393395.2
1750,1023.0684938,1.539556,127.0,127.0,81341.4125,-475103.8,67.5688766,4e-07,0.193325,83.644,300.639923,-393762.38125
1760,1021.8689574,1.554237,119.0,119.0,80966.9468752,-474847.43125,30.2811996,4e-07,0.193325,87.461,299.25589,-393880.48125
1770,1021.7395508,1.550638,118.0,118.0,81093.9656248,-475747.93125,6.062496800000008,4e-07,0.193325,85.337,299.7253418,-394653.96875
1780,1022.3106688,1.549975,119.0,119.0,81543.55,-474814.35,32.5553452,4e-07,0.193325,85.252,301.3870298,-393270.79375
1790,1022.4052978,1.552097,130.0,130.0,81323.2359376,-475247.83125,-109.85963080000002,4e-07,0.193325,84.631,300.5727174,-393924.6
1800,1019.9678223999999,1.564906,122.0,122.0,81656.2703124,-475038.51875,-97.71274439999999,4e-07,0.193325,84.367,301.8036318,-393382.25625
1810,1023.3605344,1.551002,122.0,122.0,81170.00625020001,-475870.4,82.4213484,4e-07,0.193325,86.439,300.0063844,-394700.39375
1820,1020.1324462,1.551846,116.0,116.0,80765.3312498,-475639.60625,-53.64784779999999,4e-07,0.193325,84.649,298.5107056,-394874.275
1830,1022.2623535999999,1.544719,117.0,117.0,81281.10000020001,-475261.48125,27.408686199999998,4e-07,0.193325,83.966,300.4169922,-393980.375
1840,1021.4574342,1.543268,131.0,131.0,81188.1265626,-475068.76875,-1.944043599999998,4e-07,0.193325,83.947,300.0733584,-393880.64375
1850,1021.0530394,1.552765,120.0,120.0,80614.5093752,-475209.6375,-19.48708660000001,4e-07,0.193325,83.678,297.9532474,-394595.125
1860,1020.2205446,1.544834,117.0,117.0,80598.1624998,-474850.1375,-103.39971080000001,4e-07,0.193325,83.838,297.8928406,-394251.975
1870,1020.2200929999999,1.550741,115.0,115.0,81186.1734376,-474793.30625,18.3200136,4e-07,0.193325,84.009,300.0661378,-393607.13125
1880,1021.5087891999999,1.555282,128.0,128.0,81236.5828126,-475856.21875,-74.6251128,4e-07,0.193325,83.828,300.2524414,-394619.6375
1890,1021.4607424,1.555141,119.0,119.0,80620.5421874,-475268.78125,105.7102218,4e-07,0.193325,84.101,297.9755556,-394648.25
1900,1022.9838136000001,1.554627,114.0,114.0,81066.0109378,-475211.41875,130.134388,4e-07,0.193325,85.92,299.6220276,-394145.4
1910,1021.4698609999999,1.553729,119.0,119.0,81443.340625,-474927.05,3.330022799999994,4e-07,0.193325,86.755,301.0166322,-393483.70625
1920,1021.3813475999999,1.552953,123.0,123.0,80709.5390624,-475208.24375,94.8711126,4e-07,0.193325,86.149,298.30449200000004,-394498.70625
1930,1021.6857422,1.552787,128.0,128.0,81285.52499979999,-474533.83125,41.397109199999996,4e-07,0.193325,86.583,300.4333498,-393248.30625
1940,1020.5796756,1.549318,126.0,126.0,80863.0343752,-475300.49375,28.567503199999997,4e-07,0.193325,85.185,298.8717956,-394437.45625
1950,1022.3499024,1.546125,119.0,119.0,81315.0390626,-474987.70625,84.7299812,4e-07,0.193325,85.534,300.5424378,-393672.66875
1960,1022.2158446,1.55156,117.0,117.0,81611.64999979999,-474858.54375,-6.872139400000004,4e-07,0.193325,84.571,301.6387146,-393246.89375
1970,1021.8766238000001,1.548974,117.0,117.0,81021.9828126,-475037.08125,12.9397984,4e-07,0.193325,85.441,299.4592834,-394015.09375
1980,1022.354541,1.554545,121.0,121.0,81354.3234376,-474843.25,-36.007520799999995,4e-07,0.193325,85.278,300.6876284,-393488.925
1990,1021.8532716,1.557808,122.0,122.0,81251.7062498,-474740.15,-156.12639159999998,4e-07,0.193325,86.624,300.3083678,-393488.45
2000,1020.4804688,1.546603,123.0,123.0,81217.1640624,-475287.29375,-22.363855800000003,4e-07,0.193325,85.216,300.1806886,-394070.13125
2010,1020.3343017999999,1.541445,122.0,122.0,81310.96875,-475549.5625,-59.8852792,4e-07,0.193325,83.222,300.5273986,-394238.59375
2020,1020.8428344,1.547098,121.0,121.0,81406.528125,-474565.46875,47.761337399999995,4e-07,0.193325,84.564,300.8805726,-393158.9375
2030,1021.7976808,1.53737,122.0,122.0,81598.2265626,-474413.15,37.2130178,4e-07,0.193325,84.328,301.58908099999996,-392814.91875
2040,1019.145459,1.549908,118.0,118.0,81407.3765624,-475206.45625,-112.94336540000002,4e-07,0.193325,85.247,300.883722,-393799.075
2050,1023.0912840000001,1.548586,124.0,124.0,80872.0765626,-475268.71875,43.1821976,4e-07,0.193325,84.758,298.9052244,-394396.64375
2060,1017.8810792,1.552467,127.0,127.0,81122.00625020001,-474432.2875,-43.01479779999999,4e-07,0.193325,86.624,299.8289736,-393310.275
2070,1024.0532958,1.546615,130.0,130.0,80952.434375,-475309.6125,97.572406,4e-07,0.193325,87.342,299.202246,-394357.18125
2080,1021.5174559999999,1.54703,119.0,119.0,81206.0328124,-475111.65625,-4.009332200000006,4e-07,0.193325,85.124,300.13954479999995,-393905.625
2090,1023.258081,1.54644,126.0,126.0,81718.703125,-474897.03125,12.7376442,4e-07,0.193325,85.316,302.034375,-393178.33125
2100,1021.1828368,1.553689,124.0,124.0,81282.9046874,-474902.26875,42.060225599999995,4e-07,0.193325,85.791,300.423651,-393619.3625
2110,1017.5898072,1.540127,130.0,130.0,81212.9828124,-475235.43125,-99.3873244,4e-07,0.193325,86.343,300.165216,-394022.44375
2120,1020.5521364,1.537927,136.0,136.0,81227.565625,-475813.91875,-58.77433140000001,4e-07,0.193325,83.751,300.2191348,-394586.3625
2130,1021.420398,1.54033,120.0,120.0,81026.53125,-475143.05625,-85.944813,4e-07,0.193325,83.45,299.4761048,-394116.51875
2140,1021.5116089999999,1.539727,127.0,127.0,81334.253125,-474470.675,-71.18884740000001,4e-07,0.193325,83.673,300.613446,-393136.425
2150,1022.8520754000001,1.542346,121.0,121.0,81251.9453126,-474804.4875,6.0199964000000055,4e-07,0.193325,83.759,300.3092348,-393552.54375
2160,1020.9932617999999,1.537063,120.0,120.0,80856.5421876,-475423.2875,-10.57056,4e-07,0.193325,83.546,298.847827,-394566.7375
2170,1021.4185914,1.538387,120.0,120.0,81018.653125,-475117.8375,-68.4041802,4e-07,0.193325,84.87,299.4469728,-394099.18125
2180,1021.7757445999999,1.540867,121.0,121.0,81062.66875,-475507.14375,-4.7067970000000035,4e-07,0.193325,84.688,299.60968,-394444.475
2190,1021.9710451999999,1.541938,132.0,132.0,81244.0624998,-474738.86875,-6.721436199999999,4e-07,0.193325,84.744,300.28009039999995,-393494.8125
2200,1020.3421388,1.543417,114.0,114.0,81247.7546876,-474893.06875,-54.268781000000004,4e-07,0.193325,84.25,300.29373780000003,-393645.30625
2210,1020.748413,1.547809,123.0,123.0,80899.0546876,-475582.25625,-66.91599040000001,4e-07,0.193325,84.132,299.00494979999996,-394683.20625
2220,1019.7158568000001,1.55676,118.0,118.0,81370.43125,-475595.2375,-139.48222579999998,4e-07,0.193325,84.917,300.747168,-394224.80625
2230,1022.189795,1.545664,116.0,116.0,81439.8890626,-475281.875,24.724005000000012,4e-07,0.193325,86.705,301.0038758,-393841.98125
2240,1022.0935792,1.559524,119.0,119.0,81404.09375,-474917.025,-60.98045040000001,4e-07,0.193325,87.193,300.87157,-393512.9375
2250,1023.9726562,1.552208,117.0,117.0,80954.875,-475259.0125,-54.0248806,4e-07,0.193325,86.54,299.2112548,-394304.1375
2260,1022.61427,1.550674,130.0,130.0,81360.3703126,-475391.50625,19.596724599999998,4e-07,0.193325,86.656,300.70997939999995,-394031.13125
2270,1022.618274,1.546714,122.0,122.0,81243.3859374,-474682.65,150.6404358,4e-07,0.193325,86.096,300.2776,-393439.2625
2280,1021.8787840000001,1.545433,119.0,119.0,81343.0984376,-474666.6125,-40.984488799999994,4e-07,0.193325,85.653,300.64613019999996,-393323.5125
2290,1022.9673096,1.542445,119.0,119.0,81389.2671874,-474537.775,23.128376,4e-07,0.193325,86.002,300.8167724,-393148.5125
2300,1021.2569579999999,1.539225,123.0,123.0,81080.6359378,-474882.49375,28.848201800000005,4e-07,0.193325,85.231,299.6760802,-393801.85625
2310,1020.653772,1.537435,127.0,127.0,80883.4640626,-474775.575,25.7748104,4e-07,0.193325,85.734,298.94732039999997,-393892.1125
2320,1021.1575071999999,1.525632,125.0,125.0,81131.85,-474850.575,-3.595959600000003,4e-07,0.193325,83.916,299.8653566,-393718.725
2330,1021.3070799999999,1.542346,117.0,117.0,81126.0140624,-475212.21875,-54.993335200000004,4e-07,0.193325,83.842,299.8437684,-394086.20625
2340,1019.9912596,1.533332,120.0,120.0,81397.27187520001,-474474.4125,84.50260800000001,4e-07,0.193325,86.036,300.846356,-393077.1375
2350,1022.7000611999999,1.527207,126.0,126.0,81466.7328126,-474663.1625,63.3587808,4e-07,0.193325,83.701,301.10309459999996,-393196.425
2360,1023.2297242000001,1.530368,130.0,130.0,81674.2125,-475033.26875,-33.00839619999999,4e-07,0.193325,83.017,301.8699464,-393359.05625
2370,1020.8145386,1.535042,126.0,126.0,81554.1343752,-475157.20625,1.3926593999999994,4e-07,0.193325,84.855,301.4261352,-393603.06875
2380,1024.6621460000001,1.533408,133.0,133.0,81032.540625,-474669.56875,11.812662600000007,4e-07,0.193325,84.254,299.4983154,-393637.03125
2390,1023.0607910000001,1.539919,117.0,117.0,80882.2421874,-474584.11875,46.501598,4e-07,0.193325,84.334,298.9428102,-393701.875
2400,1022.5673706,1.532285,127.0,127.0,80914.64375,-475130.98125,-85.2199456,4e-07,0.193325,83.471,299.062555,-394216.3375
2410,1022.6376587999999,1.535283,129.0,129.0,80998.9578124,-475193.1875,-22.9075896,4e-07,0.193325,82.444,299.3741702,-394194.2375
2420,1022.1487913999999,1.53446,124.0,124.0,80932.4406252,-475137.79375,66.7777356,4e-07,0.193325,83.059,299.12833259999996,-394205.34375
2430,1020.977527,1.529134,124.0,124.0,81700.5578124,-475053.6125,-25.563237800000003,4e-07,0.193325,81.659,301.9673218,-393353.05625
2440,1020.8152588,1.538368,134.0,134.0,81090.99062520001,-475220.59375,98.6342202,4e-07,0.193325,81.677,299.71434339999996,-394129.6
2450,1022.0335446000001,1.537773,130.0,130.0,80881.3171874,-474656.7,-99.5914188,4e-07,0.193325,81.61,298.93938579999997,-393775.38125
2460,1021.186255,1.541478,120.0,120.0,81398.4062498,-474474.41875,111.27520439999998,4e-07,0.193325,83.038,300.8505738,-393076.0125
2470,1018.9476072,1.535619,126.0,126.0,81228.1296876,-474942.1,66.50289999999998,4e-07,0.193325,82.728,300.22120340000004,-393713.96875
2480,1022.7329346,1.537969,124.0,124.0,80914.525,-475207.13125,101.4612228,4e-07,0.193325,82.574,299.0621218,-394292.60625
2490,1021.5571166,1.533497,126.0,126.0,81443.8265624,-474953.74375,2.878686599999992,4e-07,0.193325,82.802,301.018451,-393509.91875
2500,1022.6324951999999,1.542836,124.0,124.0,81417.8703126,-475228.1625,46.2590428,4e-07,0.193325,84.256,300.9224978,-393810.2875
2510,1020.7380737999999,1.537892,127.0,127.0,81261.1484376,-474444.06875,3.0219086000000006,4e-07,0.193325,82.335,300.3432558,-393182.91875
2520,1022.6020017999999,1.541335,123.0,123.0,80941.8796874,-475158.36875,34.6276092,4e-07,0.193325,82.841,299.1632508,-394216.4875
2530,1020.3645263999999,1.540257,117.0,117.0,81227.6484376,-474872.21875,60.54687679999999,4e-07,0.193325,83.104,300.2194396,-393644.56875
2540,1020.6744264000001,1.536807,118.0,118.0,81223.4250002,-475183.63125,-52.1795562,4e-07,0.193325,83.224,300.2038146,-393960.2
2550,1023.9891358000001,1.53954,122.0,122.0,80562.571875,-475364.41875,66.95272680000001,4e-07,0.193325,82.107,297.7612916,-394801.84375
2560,1020.8559327999999,1.53612,135.0,135.0,81404.76875,-474874.75,-65.0603092,4e-07,0.193325,82.626,300.8740782,-393469.98125
2570,1022.2500975999999,1.534886,133.0,133.0,81432.6734376,-475249.8,73.8404888,4e-07,0.193325,82.171,300.9771974,-393817.13125
2580,1024.3479492000001,1.534214,128.0,128.0,80692.4124998,-476114.5,118.6445144,4e-07,0.193325,82.909,298.2411866,-395422.09375
2590,1021.4348878000001,1.536377,134.0,134.0,80881.4015624,-474644.45,41.693547,4e-07,0.193325,83.052,298.9397034,-393763.04375
2600,1023.1623050000001,1.53441,123.0,123.0,81104.39375,-475875.925,46.967204200000005,4e-07,0.193325,83.47,299.763873,-394771.53125
2610,1024.0958616,1.534304,129.0,129.0,81182.834375,-475293.5875,8.252098,4e-07,0.193325,83.076,300.0538208,-394110.75625
2620,1024.0124148,1.544857,135.0,135.0,81168.12343780001,-475399.36875,-70.99105660000001,4e-07,0.193325,84.208,299.9994322,-394231.24375
2630,1022.9541016,1.539015,126.0,126.0,81371.7453124,-474942.625,-5.749349799999999,4e-07,0.193325,80.985,300.7520082,-393570.88125
2640,1020.5348022000001,1.543304,128.0,128.0,80917.8921876,-475354.76875,0.8653534000000036,4e-07,0.193325,86.365,299.0745606,-394436.86875
2650,1024.19989,1.542407,133.0,133.0,81173.096875,-475509.40625,53.4614406,4e-07,0.193325,83.712,300.017816,-394336.30625
2660,1023.4869264000001,1.538528,128.0,128.0,81386.2171876,-474910.8125,-120.8556222,4e-07,0.193325,83.839,300.8054992,-393524.5875
2670,1021.2664183999999,1.540257,129.0,129.0,80967.44375,-475141.4625,7.590468800000001,4e-07,0.193325,84.225,299.2577088,-394174.0125
2680,1021.4715332,1.542772,128.0,128.0,81390.709375,-475168.96875,-19.6130608,4e-07,0.193325,83.767,300.8221068,-393778.2625
2690,1021.325818,1.539826,132.0,132.0,81199.3750002,-475056.3375,36.899187,4e-07,0.193325,82.565,300.1149352,-393856.9625
2700,1021.2861084,1.53889,130.0,130.0,81422.5734374,-475412.48125,-52.76201679999999,4e-07,0.193325,82.796,300.93988060000004,-393989.90625
2710,1023.523877,1.543922,128.0,128.0,81349.58125,-475479.95625,153.35031800000002,4e-07,0.193325,82.963,300.67010500000004,-394130.36875
2720,1022.1825681999999,1.537738,123.0,123.0,81348.1015624,-474328.01875,-47.83214040000001,4e-07,0.193325,82.673,300.6646178,-392979.925
2730,1022.5764282,1.538489,129.0,129.0,80918.8171872,-475380.53125,-46.873037599999996,4e-07,0.193325,82.919,299.0779662,-394461.71875
2740,1020.0893921999999,1.540764,129.0,129.0,81024.0437498,-474813.05,0.7503019999999992,4e-07,0.193325,82.934,299.4668944,-393789.0125
2750,1021.9465456,1.535749,124.0,124.0,81238.4703124,-475535.74375,-20.1354992,4e-07,0.193325,83.936,300.25942999999995,-394297.26875
2760,1020.9116578000001,1.532209,134.0,134.0,81298.125,-475185.8625,142.1993432,4e-07,0.193325,82.712,300.4799134,-393887.7375
2770,1021.6830442,1.541763,126.0,126.0,81044.9187498,-475099.1625,-14.1577344,4e-07,0.193325,83.365,299.5440674,-394054.24375
2780,1022.9026976000001,1.532948,120.0,120.0,81472.4609374,-475720.9375,23.3045728,4e-07,0.193325,82.017,301.1242796,-394248.475
2790,1020.5309692000001,1.537456,121.0,121.0,81111.0265624,-474978.23125,-5.978060200000004,4e-07,0.193325,82.848,299.788391,-393867.20625
2800,1020.9009764,1.536061,128.0,128.0,81261.2468752,-475280.95625,-20.189827000000008,4e-07,0.193325,84.175,300.3436158,-394019.7125
2810,1020.4336059999999,1.543747,129.0,129.0,80971.3703124,-475062.79375,-58.93691160000001,4e-07,0.193325,84.1,299.272229,-394091.41875
2820,1020.6228758000001,1.546506,121.0,121.0,80970.8484374,-474752.20625,-93.7846838,4e-07,0.193325,84.655,299.2702758,-393781.3625
2830,1022.151843,1.535125,124.0,124.0,81009.234375,-474736.56875,-1.0694352000000038,4e-07,0.193325,83.208,299.41217040000004,-393727.33125
2840,1022.0786132,1.542314,128.0,128.0,81189.2765624,-475117.5,-6.010774800000002,4e-07,0.193325,85.277,300.0776124,-393928.225
2850,1022.6084472,1.546434,119.0,119.0,80930.2609372,-475479.98125,68.33792000000001,4e-07,0.193325,84.976,299.120276,-394549.725
2860,1024.5180788,1.538168,135.0,135.0,80825.4171876,-475295.94375,54.77266519999999,4e-07,0.193325,85.425,298.7327818,-394470.525
2870,1020.8687742,1.547004,122.0,122.0,81341.78125,-474802.53125,-15.820421599999992,4e-07,0.193325,86.704,300.6412656,-393460.75
2880,1020.1797974000001,1.545203,125.0,125.0,81466.5859376,-474868.4875,108.5767954,4e-07,0.193325,86.512,301.1025514,-393401.9
2890,1019.9028564,1.53828,123.0,123.0,81074.5671876,-475017.1125,-0.08450180000000244,4e-07,0.193325,86.301,299.6536438,-393942.54375
2900,1022.5167604000001,1.542804,123.0,123.0,81138.4812502,-474913.84375,67.43712359999999,4e-07,0.193325,87.194,299.8898806,-393775.3625
2910,1020.6188598000001,1.538632,127.0,127.0,81315.15625,-475305.46875,1.6931412000000023,4e-07,0.193325,88.655,300.5428528,-393990.31875
2920,1020.8664064000001,1.542231,125.0,125.0,81210.06875,-474999.7375,-107.63683800000001,4e-07,0.193325,86.888,300.1544494,-393789.66875
2930,1023.4864988000002,1.540969,123.0,123.0,81416.9296876,-475091.425,109.47291419999999,4e-07,0.193325,85.745,300.91901859999996,-393674.49375
2940,1024.7272216000001,1.5452,118.0,118.0,80577.2796874,-475910.4125,18.4317224,4e-07,0.193325,85.509,297.8156556,-395333.125
2950,1023.3723634,1.543465,119.0,119.0,81305.690625,-475375.91875,89.1691248,4e-07,0.193325,86.277,300.5078798,-394070.23125
2960,1023.1051148,1.540715,115.0,115.0,81103.8406252,-475446.50625,-6.9970438,4e-07,0.193325,84.64,299.7618468,-394342.65625
2970,1022.7112669999999,1.53549,121.0,121.0,81004.9343752,-475047.2375,-166.112529,4e-07,0.193325,85.694,299.3962768,-394042.3
2980,1022.7776488,1.536607,127.0,127.0,81059.3484374,-475047.0625,-49.537621,4e-07,0.193325,84.5,299.5974,-393987.725
2990,1022.0215086000001,1.535771,112.0,112.0,81042.653125,-475017.44375,62.649713199999994,4e-07,0.193325,86.397,299.5356628,-393974.79375
3000,1022.0500244000001,1.545632,119.0,119.0,80862.0843748,-475544.43125,32.20316960000001,4e-07,0.193325,85.818,298.868292,-394682.35
3010,1020.383728,1.539552,126.0,126.0,81149.77187520001,-474440.18125,-9.022523999999999,4e-07,0.193325,85.989,299.93159180000004,-393290.40625
3020,1022.1194825999999,1.543889,129.0,129.0,81473.2140626,-475234.59375,83.25136659999998,4e-07,0.193325,84.069,301.1270446,-393761.375
3030,1020.040576,1.544589,124.0,124.0,80785.40625,-475078.7625,-149.260849,4e-07,0.193325,86.477,298.5848816,-394293.35625
3040,1023.5442872,1.538561,130.0,130.0,81610.7031252,-474676.7375,89.5831584,4e-07,0.193325,84.961,301.635205,-393066.03125
3050,1022.100891,1.540789,122.0,122.0,81377.6218752,-475222.93125,95.083732,4e-07,0.193325,84.4,300.7737426,-393845.30625
3060,1021.1348388,1.537799,118.0,118.0,81016.3921876,-475015.8,35.9702622,4e-07,0.193325,87.039,299.43862939999997,-393999.40625
3070,1021.2678956,1.54072,114.0,114.0,81234.109375,-475136.0125,8.288299600000006,4e-07,0.193325,84.198,300.2433228,-393901.90625
3080,1020.8803221999999,1.536966,130.0,130.0,81649.6875002,-475025.5875,-80.2649488,4e-07,0.193325,83.009,301.779291,-393375.89375
3090,1023.3578856,1.536028,113.0,113.0,80996.9359376,-474641.10625,-3.9612006000000024,4e-07,0.193325,86.072,299.3667178,-393644.16875
3100,1021.3729368,1.537096,120.0,120.0,81243.7984376,-475809.8625,11.807077000000003,4e-07,0.193325,83.856,300.27911359999996,-394566.05625
3110,1023.2628784000001,1.541535,126.0,126.0,81142.6703126,-474891.975,44.3315868,4e-07,0.193325,83.856,299.9053468,-393749.30625
3120,1020.6648683999999,1.536569,116.0,116.0,80358.3687502,-475549.2125,-140.5797072,4e-07,0.193325,85.125,297.006543,-395190.84375
3130,1021.232251,1.531351,118.0,118.0,81363.6625,-474990.475,2.901020800000001,4e-07,0.193325,83.925,300.72215,-393626.80625
3140,1020.8831542,1.539219,115.0,115.0,81617.5375,-475208.85,57.0125844,4e-07,0.193325,83.938,301.6604676,-393591.3125
3150,1021.5968995999999,1.535994,116.0,116.0,81247.1078126,-474524.29375,-12.049362200000001,4e-07,0.193325,84.304,300.29135740000004,-393277.1875
3160,1019.9412962,1.539218,121.0,121.0,81272.2640626,-474681.0,-41.3495038,4e-07,0.193325,84.226,300.3843506,-393408.7375
3170,1021.4804200000001,1.530875,119.0,119.0,81292.178125,-475295.81875,2.257978799999995,4e-07,0.193325,85.668,300.4579468,-394003.6375
3180,1020.1730712000001,1.540402,114.0,114.0,81225.1078126,-475102.49375,-157.1018738,4e-07,0.193325,85.256,300.2100342,-393877.38125
3190,1022.997241,1.535399,122.0,122.0,81177.9015626,-475226.15625,76.0066828,4e-07,0.193325,86.232,300.0355776,-394048.25625
3200,1022.9156495999999,1.539252,119.0,119.0,81512.1875,-475634.85625,89.2045382,4e-07,0.193325,85.43,301.2710876,-394122.66875
3210,1021.4370482,1.54107,114.0,114.0,81372.2265626,-474717.3625,-82.0179234,4e-07,0.193325,86.61,300.7538146,-393345.13125
3220,1023.2746094,1.53915,125.0,125.0,81364.14375,-475652.025,14.760500600000006,4e-07,0.193325,84.706,300.7239136,-394287.8875
3230,1020.5094118000001,1.554523,120.0,120.0,81062.203125,-475434.56875,45.4375764,4e-07,0.193325,85.09,299.6079406,-394372.3625
3240,1022.9464598000001,1.548108,122.0,122.0,81057.0671878,-475498.25,-39.0506996,4e-07,0.193325,86.741,299.5889586,-394441.18125
3250,1020.7638306000001,1.553306,122.0,122.0,80788.734375,-475807.93125,-92.0017546,4e-07,0.193325,86.587,298.59716799999995,-395019.19375
3260,1020.3845091999999,1.547819,122.0,122.0,81311.8000002,-474681.7375,-115.510674,4e-07,0.193325,85.193,300.53046240000003,-393369.9375
3270,1023.7367674000001,1.544887,117.0,117.0,81186.6953124,-475077.49375,9.146677399999998,4e-07,0.193325,85.947,300.0680722,-393890.80625
3280,1023.041675,1.54398,116.0,116.0,81411.5968752,-474854.16875,61.61095279999999,4e-07,0.193325,85.826,300.8993286,-393442.56875
3290,1020.5175413999999,1.541557,124.0,124.0,81194.9171876,-474498.95,-52.943127000000004,4e-07,0.193325,84.956,300.09846200000004,-393304.03125
3300,1023.723926,1.538224,116.0,116.0,81331.909375,-475173.95625,-15.936485,4e-07,0.193325,84.102,300.604773,-393842.05
3310,1020.2373537999999,1.538376,112.0,112.0,81419.3453126,-475662.9625,-107.1281414,4e-07,0.193325,83.171,300.927954,-394243.61875
3320,1021.1584230000001,1.547329,107.0,107.0,81236.0109372,-474688.51875,11.613396400000001,4e-07,0.193325,85.625,300.2503478,-393452.5125
3330,1023.0761842,1.54394,111.0,111.0,81082.45,-475375.05,41.158537800000005,4e-07,0.193325,85.13,299.68278799999996,-394292.59375
3340,1022.4291140000001,1.546122,108.0,108.0,81045.3890626,-474835.875,35.366534400000006,4e-07,0.193325,83.461,299.54578879999997,-393790.4875
3350,1020.9722168000001,1.539683,121.0,121.0,81575.4656252,-475351.6375,10.016830600000006,4e-07,0.193325,84.582,301.5049866,-393776.16875
3360,1020.4626341999999,1.536293,124.0,124.0,81244.0875,-474156.83125,-80.759787,4e-07,0.193325,85.421,300.280182,-392912.74375
3370,1020.5889891999999,1.537824,120.0,120.0,81227.8453126,-475095.6125,-50.5023542,4e-07,0.193325,86.528,300.2201478,-393867.7625
3380,1022.2862304,1.53752,124.0,124.0,81325.1671874,-474569.33125,-11.781209600000002,4e-07,0.193325,84.414,300.5798766,-393244.16875
3390,1022.7276612,1.543859,119.0,119.0,81708.55,-474976.93125,42.851879600000004,4e-07,0.193325,84.522,301.99686299999996,-393268.38125
3400,1021.2545041999999,1.540528,118.0,118.0,81487.57187479999,-475445.7625,87.19982159999999,4e-07,0.193325,83.682,301.1801086,-393958.1875
3410,1020.1872068,1.547891,125.0,125.0,80730.3609374,-475091.55625,44.546878199999995,4e-07,0.193325,84.998,298.3814514,-394361.19375
3420,1021.9763913999999,1.552205,119.0,119.0,80949.7890626,-475392.70625,12.470201,4e-07,0.193325,87.17,299.1924622,-394442.9125
3430,1020.7834718,1.548348,117.0,117.0,81474.5531248,-474868.94375,-71.4049224,4e-07,0.193325,87.024,301.1320068,-393394.3875
3440,1018.8301272000001,1.544564,116.0,116.0,81091.6765626,-474701.88125,14.026519399999998,4e-07,0.193325,85.896,299.7168886,-393610.2125
3450,1019.5215329999999,1.547335,129.0,129.0,81709.865625,-475220.8875,-14.766025000000003,4e-07,0.193325,85.774,302.001715,-393511.01875
3460,1022.0266844,1.550075,120.0,120.0,81163.703125,-474772.06875,-31.5997096,4e-07,0.193325,85.159,299.9830932,-393608.3625
3470,1023.2229858000001,1.542095,118.0,118.0,81164.5031252,-475206.9625,-7.434111800000002,4e-07,0.193325,85.481,299.9860292,-394042.45625
3480,1020.5060299999999,1.548589,125.0,125.0,81290.5281248,-474968.7375,-26.817190600000004,4e-07,0.193325,84.662,300.4518372,-393678.21875
3490,1021.3794922000001,1.543473,108.0,108.0,81361.2421878,-475349.74375,47.7276598,4e-07,0.193325,85.999,300.71318959999996,-393988.49375
3500,1020.6024047999999,1.540445,118.0,118.0,81543.0625002,-475220.75625,24.570062200000002,4e-07,0.193325,84.076,301.3852112,-393677.6875
3510,1022.3476686,1.542513,118.0,118.0,80859.4609376,-475838.275,-95.0368448,4e-07,0.193325,84.628,298.8585938,-394978.8125
3520,1020.5427245999999,1.536699,118.0,118.0,81276.6953124,-475461.0125,-24.527969999999993,4e-07,0.193325,84.699,300.4007082,-394184.325
3530,1019.9706788,1.535303,126.0,126.0,81188.603125,-474952.6125,-86.3257372,4e-07,0.193325,84.266,300.0751162,-393764.0125
3540,1022.7168335999999,1.535518,128.0,128.0,81195.7375,-475707.9375,113.88839600000001,4e-07,0.193325,84.547,300.101477,-394512.2
3550,1020.5127808,1.530025,121.0,121.0,81505.771875,-474437.4125,-34.757628000000004,4e-07,0.193325,84.809,301.2473694,-392931.64375
3560,1021.5319704,1.538844,120.0,120.0,81370.17812520001,-474655.9,30.288941599999998,4e-07,0.193325,84.876,300.746222,-393285.71875
3570,1021.502295,1.541819,121.0,121.0,81309.2328126,-475508.94375,114.84517059999999,4e-07,0.193325,84.608,300.5209532,-394199.70625
3580,1019.9084348,1.528316,115.0,115.0,81080.8953124,-475060.24375,55.0512238,4e-07,0.193325,83.987,299.6770328,-393979.35625
3590,1022.7368042,1.53346,129.0,129.0,81195.7234372,-475258.9125,137.376239,4e-07,0.193325,84.561,300.1014222,-394063.2
3600,1022.3160156,1.529642,124.0,124.0,81428.5859372,-475432.45,21.1359532,4e-07,0.193325,84.945,300.9621034,-394003.86875
3610,1022.5321287999999,1.53287,124.0,124.0,81289.3468752,-474801.8625,7.6819368,4e-07,0.193325,85.179,300.4474792,-393512.5125
3620,1022.525,1.541867,127.0,127.0,81050.4859376,-475107.35625,23.2401594,4e-07,0.193325,84.317,299.564624,-394056.86875
3630,1020.7134398000001,1.532777,122.0,122.0,81000.05,-474738.69375,40.859916000000005,4e-07,0.193325,84.074,299.378235,-393738.64375
3640,1020.0848632000001,1.540055,120.0,120.0,81213.2671878,-474817.96875,3.331222400000003,4e-07,0.193325,84.04,300.16627200000005,-393604.7
3650,1021.8901612,1.548105,115.0,115.0,81454.3453124,-474830.38125,11.760771,4e-07,0.193325,83.944,301.057306,-393376.04375
3660,1021.163965,1.539268,120.0,120.0,81398.921875,-474776.35,1.5673657999999946,4e-07,0.193325,84.584,300.8524478,-393377.43125
3670,1022.7175048000001,1.539309,125.0,125.0,81062.1515624,-475235.1875,10.299296000000002,4e-07,0.193325,83.759,299.60775160000003,-394173.0375
3680,1021.846753,1.544478,117.0,117.0,81204.15,-474420.85625,-42.8746514,4e-07,0.193325,83.766,300.1325806,-393216.7
3690,1019.4171876,1.546259,118.0,118.0,80929.171875,-474738.1,-79.01775660000001,4e-07,0.193325,84.553,299.1162658,-393808.925
3700,1021.8065064,1.54589,122.0,122.0,81552.5109376,-475306.95625,-79.93962020000001,4e-07,0.193325,83.252,301.42014140000003,-393754.44375
3710,1020.377295,1.543401,118.0,118.0,81252.5734376,-475697.025,-58.48215700000001,4e-07,0.193325,85.729,300.3115722,-394444.45
3720,1020.9289796,1.540069,124.0,124.0,81354.1671876,-474668.725,-6.9195358,4e-07,0.193325,85.08,300.6870548,-393314.5625
3730,1021.4468747999999,1.538306,119.0,119.0,80975.4390626,-475112.7875,79.3792648,4e-07,0.193325,85.518,299.28724980000004,-394137.34375
3740,1020.7368164,1.532583,122.0,122.0,81092.0859374,-475640.2,93.65102920000001,4e-07,0.193325,84.693,299.718402,-394548.1125
3750,1021.796936,1.536855,119.0,119.0,81017.0624998,-474980.8125,-8.930245200000012,4e-07,0.193325,85.611,299.4411012,-393963.75625
3760,1022.791675,1.544423,127.0,127.0,81241.40625,-475159.25,82.5946686,4e-07,0.193325,84.783,300.2702818,-393917.83125
3770,1018.3827637999999,1.544635,122.0,122.0,80720.6671876,-475544.35625,-94.3334654,4e-07,0.193325,85.176,298.3456054,-394823.6875
3780,1019.6326415999999,1.548637,122.0,122.0,80858.7859378,-475594.1375,-122.5805184,4e-07,0.193325,86.779,298.85611559999995,-394735.34375
3790,1021.7094602000001,1.54067,124.0,124.0,81261.3890626,-475456.04375,-10.758303599999996,4e-07,0.193325,84.82,300.3441224,-394194.65625
3800,1022.1866574,1.533298,120.0,120.0,81114.5453126,-475480.9875,-60.120177999999996,4e-07,0.193325,85.27,299.8013978,-394366.4375
3810,1023.2604005999999,1.540226,127.0,127.0,81023.5140624,-475232.8875,81.5463498,4e-07,0.193325,86.718,299.4649352,-394209.36875
3820,1020.559802,1.539738,125.0,125.0,81663.8140628,-475558.31875,-24.1856352,4e-07,0.193325,87.12,301.83151239999995,-393894.5
3830,1022.1031737999999,1.545353,115.0,115.0,81181.6609376,-475438.63125,39.1821352,4e-07,0.193325,88.087,300.0494752,-394256.96875
3840,1022.2713987999999,1.544609,123.0,123.0,81277.2734374,-474799.8875,17.525717999999994,4e-07,0.193325,88.248,300.40286860000003,-393522.61875
3850,1020.9095582,1.543079,119.0,119.0,81469.071875,-474966.89375,109.36362139999999,4e-07,0.193325,86.22,301.111737,-393497.825
3860,1021.9864013999999,1.542446,120.0,120.0,80850.259375,-474597.21875,-111.47303360000001,4e-07,0.193325,85.891,298.8245848,-393746.95625
3870,1020.9332517999999,1.536041,128.0,128.0,81279.1421876,-474894.95,7.932790999999997,4e-07,0.193325,85.002,300.40976579999995,-393615.80625
3880,1022.3414552,1.542044,123.0,123.0,81313.70625,-475308.2625,-7.695356000000001,4e-07,0.193325,85.816,300.5375,-393994.55625
3890,1022.1339963999999,1.540332,122.0,122.0,80990.0796876,-474985.6875,98.7880058,4e-07,0.193325,85.206,299.34136939999996,-393995.6125
3900,1019.6354982,1.558485,118.0,118.0,81283.075,-474860.775,-130.6462494,4e-07,0.193325,86.756,300.4242798,-393577.70625
3910,1021.9558594,1.550069,118.0,118.0,81103.4203126,-474923.6,37.09992139999999,4e-07,0.193325,85.277,299.76027220000003,-393820.18125
3920,1023.8751344,1.538163,117.0,117.0,81172.2015622,-475611.50625,124.6108238,4e-07,0.193325,86.742,300.01452639999997,-394439.30625
3930,1020.8911132,1.546852,122.0,122.0,81286.19375,-475071.0375,36.1655456,4e-07,0.193325,86.045,300.4358214,-393784.8375
3940,1022.3144896,1.546376,113.0,113.0,81033.8781248,-475913.54375,-7.679124799999997,4e-07,0.193325,87.74,299.503253,-394879.66875
3950,1020.1659424,1.54087,117.0,117.0,80907.5578126,-475252.65625,-64.67075580000001,4e-07,0.193325,86.746,299.03637100000003,-394345.0875
3960,1021.6473755999999,1.534533,127.0,127.0,81168.5046876,-475279.6625,182.29251720000002,4e-07,0.193325,84.877,300.0008484,-394111.1625
3970,1019.4633421999999,1.546499,116.0,116.0,81323.0484376,-474665.64375,-74.08789920000001,4e-07,0.193325,85.745,300.57203979999997,-393342.59375
3980,1023.1852415999999,1.539098,126.0,126.0,81212.75625,-475507.3125,-11.676392399999997,4e-07,0.193325,85.242,300.16438600000004,-394294.55625
3990,1022.6609619999999,1.546388,121.0,121.0,80772.7031248,-475297.35,-92.86171540000001,4e-07,0.193325,88.784,298.5379336,-394524.65
4000,1021.1122314,1.542368,127.0,127.0,81110.7296874,-475179.11875,-50.930423799999986,4e-07,0.193325,88.824,299.78730459999997,-394068.39375
4010,1019.1802611999999,1.541102,119.0,119.0,81001.8656248,-475626.8125,-22.897022799999995,4e-07,0.193325,85.435,299.38491839999995,-394624.94375
4020,1021.2894774,1.541283,112.0,112.0,81313.1140626,-474780.49375,118.78092819999999,4e-07,0.193325,86.38,300.5353088,-393467.375
4030,1022.2649782000001,1.54365,127.0,127.0,80906.2875,-475286.78125,50.8118346,4e-07,0.193325,87.325,299.03168960000005,-394380.49375
4040,1020.029126,1.537349,116.0,116.0,81375.5312502,-474961.18125,-21.463473000000004,4e-07,0.193325,89.501,300.7660278,-393585.64375
4050,1023.0366578000001,1.546444,115.0,115.0,80916.6015622,-475182.2625,93.6417692,4e-07,0.193325,87.167,299.06978760000004,-394265.66875
4060,1022.2181883999999,1.540912,120.0,120.0,81279.5375,-474721.60625,-68.1714836,4e-07,0.193325,88.948,300.4112184,-393442.06875
4070,1019.729199,1.540089,116.0,116.0,81346.9609376,-475085.06875,-71.1119696,4e-07,0.193325,87.108,300.66041260000003,-393738.10625
4080,1024.0534911999998,1.549464,123.0,123.0,81023.9812502,-475401.4,73.3192718,4e-07,0.193325,86.857,299.4666746,-394377.4125
4090,1022.3680666,1.536943,125.0,125.0,80986.9703126,-475245.8125,13.912179199999997,4e-07,0.193325,84.831,299.32989480000003,-394258.8375
4100,1023.1723509999999,1.542616,128.0,128.0,81024.1718752,-474912.85625,-69.384761,4e-07,0.193325,88.712,299.4673826,-393888.68125
4110,1021.5726930000001,1.536191,116.0,116.0,81590.95625,-475242.025,-29.393759800000005,4e-07,0.193325,86.287,301.5622376,-393651.06875
4120,1020.3935792,1.542332,126.0,126.0,81164.3421872,-475041.06875,13.610661200000004,4e-07,0.193325,87.061,299.9854492,-393876.73125
4130,1021.165625,1.538304,119.0,119.0,81199.6281252,-475396.68125,-114.5203796,4e-07,0.193325,88.329,300.115857,-394197.05
4140,1023.0444702000001,1.538587,129.0,129.0,81280.5281248,-474967.2125,-56.6746988,4e-07,0.193325,87.23,300.4148682,-393686.6875
4150,1020.9082644,1.547358,118.0,118.0,81203.83125,-475116.31875,84.2021332,4e-07,0.193325,89.382,300.1314026,-393912.4875
4160,1021.2104858,1.550914,126.0,126.0,80954.9828122,-475145.1125,-89.4981788,4e-07,0.193325,88.794,299.2116394,-394190.13125
4170,1020.3780276,1.554142,111.0,111.0,80930.478125,-475108.95625,-122.3690066,4e-07,0.193325,86.579,299.12108159999997,-394178.48125
4180,1023.1092896,1.540145,130.0,130.0,80670.5171876,-475412.61875,-23.720860999999996,4e-07,0.193325,86.711,298.160254,-394742.09375
4190,1021.4670286,1.548232,117.0,117.0,81660.696875,-475691.98125,64.11064180000001,4e-07,0.193325,87.471,301.8199892,-394031.2875
4200,1020.0441286000001,1.547239,126.0,126.0,80808.1,-474895.1375,10.768981400000012,4e-07,0.193325,86.758,298.66876199999996,-394087.0375
4210,1020.4836916,1.543355,131.0,131.0,81475.6640624,-474851.1875,-36.077399799999995,4e-07,0.193325,87.792,301.13610819999997,-393375.51875
4220,1021.2178832,1.541812,125.0,125.0,81478.2171876,-474569.9,-190.84078979999998,4e-07,0.193325,89.482,301.1455386,-393091.68125
4230,1017.2127807999999,1.541374,129.0,129.0,81192.409375,-475139.4125,-6.287228400000002,4e-07,0.193325,86.265,300.0891784,-393947.0
4240,1022.3360840000001,1.539293,121.0,121.0,81166.16875,-475572.5625,79.8735136,4e-07,0.193325,88.131,299.99219359999995,-394406.3875
4250,1019.4613646,1.547734,128.0,128.0,81369.5734374,-475396.1375,-2.6728294000000004,4e-07,0.193325,86.879,300.744,-394026.56875
4260,1022.0704958,1.554065,127.0,127.0,81583.4156252,-475217.6875,-20.9017274,4e-07,0.193325,90.114,301.534363,-393634.275
4270,1021.0364502,1.542909,117.0,117.0,80792.03125,-474912.51875,-46.5424194,4e-07,0.193325,87.559,298.6093874,-394120.48125
4280,1020.529724,1.540308,127.0,127.0,81075.6578124,-474834.25,42.209430399999995,4e-07,0.193325,87.187,299.6576846,-393758.5875
4290,1020.5381347999999,1.533566,120.0,120.0,81092.3296876,-475161.35625,-31.1591202,4e-07,0.193325,87.116,299.7192992,-394069.025
4300,1021.7524536000001,1.539842,115.0,115.0,80753.3953124,-475128.96875,48.9005996,4e-07,0.193325,86.471,298.4665648,-394375.58125
4310,1022.8453612000001,1.535649,125.0,125.0,80791.628125,-475664.03125,-72.910479,4e-07,0.193325,86.511,298.607904,-394872.4
4320,1021.2748414,1.542356,121.0,121.0,81442.3859374,-475048.38125,-2.371435399999998,4e-07,0.193325,88.192,301.0131104,-393606.0
4330,1023.0237426,1.539273,121.0,121.0,80747.5046876,-474849.0625,-77.6369664,4e-07,0.193325,86.737,298.44482419999997,-394101.55625
4340,1022.3475832,1.539643,121.0,121.0,80840.1875002,-475320.1,-11.305519800000003,4e-07,0.193325,85.485,298.787372,-394479.9125
4350,1025.2208128,1.544597,117.0,117.0,81030.6421878,-475294.80625,56.4610376,4e-07,0.193325,86.192,299.4912902,-394264.1625
4360,1022.6793700000001,1.548518,121.0,121.0,81168.6265624,-475474.76875,82.12522780000002,4e-07,0.193325,85.451,300.0013002,-394306.14375
4370,1022.6769044,1.546007,122.0,122.0,81061.346875,-475103.18125,129.309697,4e-07,0.193325,88.215,299.60477920000005,-394041.83125
4380,1020.0873046,1.543484,119.0,119.0,81354.6781248,-475411.19375,-32.072129,4e-07,0.193325,87.907,300.688922,-394056.5125
4390,1021.2132445999999,1.542117,122.0,122.0,81141.3421874,-475240.475,25.036691800000007,4e-07,0.193325,86.443,299.9004456,-394099.1375
4400,1019.2318601999999,1.544976,118.0,118.0,81152.0640624,-474353.05625,16.0784968,4e-07,0.193325,90.221,299.9400696,-393200.99375
4410,1022.6326779999999,1.541551,117.0,117.0,81095.72812479999,-475202.7375,-64.83355079999998,4e-07,0.193325,88.794,299.731848,-394107.00625
4420,1023.1050418000001,1.536784,115.0,115.0,80919.3109376,-475894.49375,-83.61793800000001,4e-07,0.193325,88.038,299.07982780000003,-394975.175
4430,1020.7164794,1.542122,118.0,118.0,81424.4171876,-475059.1625,-53.5805484,4e-07,0.193325,88.323,300.946686,-393634.74375
4440,1022.40824,1.546764,111.0,111.0,80948.29375,-474942.15,26.305354,4e-07,0.193325,87.258,299.1869448,-393993.85625
4450,1019.9341676,1.53601,113.0,113.0,81132.8359376,-474434.84375,110.45272539999999,4e-07,0.193325,87.705,299.8690124,-393302.00625
4460,1024.0691774,1.538729,111.0,111.0,81318.0656252,-475662.475,67.10717159999999,4e-07,0.193325,85.697,300.55361320000003,-394344.40625
4470,1023.9321533999998,1.538097,120.0,120.0,81121.4453124,-475028.34375,51.2358204,4e-07,0.193325,87.906,299.8269226,-393906.9
4480,1020.8154662000001,1.535682,117.0,117.0,81340.5765624,-475169.89375,48.1194956,4e-07,0.193325,87.552,300.6368102,-393829.31875
4490,1019.9214724,1.541808,111.0,111.0,81140.8984374,-474731.64375,-17.88468620000001,4e-07,0.193325,89.204,299.8987794,-393590.75
4500,1021.8808716,1.539936,118.0,118.0,81372.675,-475327.275,143.2845972,4e-07,0.193325,86.706,300.7554566,-393954.6
4510,1021.7437379999999,1.538274,122.0,122.0,81736.609375,-474955.15,97.1024874,4e-07,0.193325,86.906,302.1005676,-393218.5375
4520,1019.5322754000001,1.53859,125.0,125.0,81534.0984378,-474854.71875,-104.9752318,4e-07,0.193325,86.881,301.3520692,-393320.6125
4530,1022.7455563999999,1.541794,123.0,123.0,81124.5046876,-474915.0125,-76.1947802,4e-07,0.193325,86.361,299.838208,-393790.5
4540,1020.8616453999999,1.548445,124.0,124.0,80994.365625,-475125.69375,-100.8986056,4e-07,0.193325,87.634,299.3572204,-394131.3375
4550,1019.8015138000001,1.538064,124.0,124.0,81126.1828126,-475282.625,-59.655867,4e-07,0.193325,87.158,299.84440920000003,-394156.4375
4560,1022.2727173999999,1.542499,117.0,117.0,81057.3640626,-475354.9375,-96.339701,4e-07,0.193325,86.356,299.59004519999996,-394297.56875
4570,1021.6606079999999,1.544691,123.0,123.0,81092.565625,-475753.425,-61.652955799999994,4e-07,0.193325,88.251,299.72016,-394660.8625
4580,1020.9566896,1.53881,123.0,123.0,80636.90468780001,-475921.75625,-55.486881999999994,4e-07,0.193325,86.5,298.0360106,-395284.84375
4590,1021.4555052,1.543414,122.0,122.0,81187.18125,-474508.71875,-75.3834016,4e-07,0.193325,86.1,300.06986059999997,-393321.5375
4600,1023.5596679999999,1.538682,118.0,118.0,81477.5515624,-475156.60625,-98.63547220000001,4e-07,0.193325,85.151,301.1430848,-393679.05625
4610,1023.1829711999999,1.541424,122.0,122.0,81000.9531252,-475839.28125,118.3859558,4e-07,0.193325,86.265,299.38155500000005,-394838.325
4620,1021.9849854,1.550486,120.0,120.0,80716.9234376,-475293.2625,35.0256038,4e-07,0.193325,88.155,298.3317812,-394576.34375
4630,1022.4099122,1.537325,124.0,124.0,81376.3921876,-475417.75,2.2268862000000027,4e-07,0.193325,86.044,300.7691956,-394041.35625
4640,1021.2193724000001,1.553905,124.0,124.0,81206.4250002,-475250.98125,17.7250972,4e-07,0.193325,87.021,300.140985,-394044.55625
4650,1021.6523926,1.536004,116.0,116.0,81439.88125020001,-475125.95625,81.4048632,4e-07,0.193325,86.737,301.0038574,-393686.075
4660,1021.7218508,1.541226,123.0,123.0,81003.396875,-475852.09375,-86.6230118,4e-07,0.193325,87.3,299.39058839999996,-394848.7
4670,1021.5753908,1.534326,124.0,124.0,81140.99375,-475585.675,-66.10070119999999,4e-07,0.193325,86.727,299.8991638,-394444.68125
4680,1021.3238034,1.541226,116.0,116.0,81071.3046876,-475177.56875,-21.670643800000004,4e-07,0.193325,89.366,299.6415892,-394106.25625
4690,1022.2703858000001,1.541041,117.0,117.0,81046.9734376,-475259.48125,83.7036248,4e-07,0.193325,89.576,299.5516418,-394212.50625
4700,1020.6540406,1.543781,114.0,114.0,81567.0953126,-475426.03125,-25.327791399999995,4e-07,0.193325,88.496,301.474048,-393858.9375
4710,1021.5415526,1.54133,106.0,106.0,81700.3671874,-474622.45625,7.147631000000004,4e-07,0.193325,86.063,301.9666138,-392922.0875
4720,1021.1817139999999,1.55322,115.0,115.0,81258.1796872,-474533.4,-57.59178059999999,4e-07,0.193325,89.165,300.33228760000003,-393275.225
4730,1020.397827,1.537431,123.0,123.0,80611.3562502,-474870.26875,-114.600559,4e-07,0.193325,90.34,297.9416136,-394258.9125
4740,1022.2464114,1.543671,110.0,110.0,81252.7515626,-475041.325,-76.95773779999999,4e-07,0.193325,88.879,300.3122134,-393788.575
4750,1020.1187258,1.54682,124.0,124.0,81407.8203126,-474550.8875,112.5911528,4e-07,0.193325,87.807,300.88533939999996,-393143.06875
4760,1021.6726686,1.543808,129.0,129.0,81152.8703124,-474421.0875,-110.06359979999999,4e-07,0.193325,87.492,299.9430544,-393268.2125
4770,1020.0368042,1.553047,122.0,122.0,81183.065625,-474918.0875,10.950469399999998,4e-07,0.193325,88.301,300.054657,-393735.03125
4780,1020.6471802,1.548558,119.0,119.0,81131.46875,-474694.73125,7.820522399999999,4e-07,0.193325,87.273,299.863965,-393563.2625
4790,1021.2216066000001,1.547875,117.0,117.0,81061.8890626,-475140.50625,-41.3674326,4e-07,0.193325,88.296,299.60679319999997,-394078.61875
4800,1022.8645632,1.542899,124.0,124.0,81268.5828124,-475582.35625,-29.0656874,4e-07,0.193325,86.854,300.3707214,-394313.775
4810,1023.1140869999999,1.550173,125.0,125.0,81106.7078124,-474736.18125,-19.7455466,4e-07,0.193325,88.04,299.7724304,-393629.475
4820,1020.7527954000001,1.546585,123.0,123.0,81266.8249998,-474757.175,-2.423730599999999,4e-07,0.193325,87.268,300.3642336,-393490.35
4830,1021.5323732,1.557714,126.0,126.0,80961.9703126,-475321.85,-40.3131446,4e-07,0.193325,87.902,299.23747560000004,-394359.88125
4840,1020.3918455999999,1.554806,126.0,126.0,81344.7921874,-475097.175,-76.9783194,4e-07,0.193325,88.168,300.652411,-393752.3875
4850,1022.5506349999999,1.541025,124.0,124.0,80771.359375,-475605.03125,-3.4363677999999993,4e-07,0.193325,87.289,298.5329774,-394833.675
4860,1019.5637816000001,1.546862,119.0,119.0,80966.509375,-475532.81875,-22.696434200000006,4e-07,0.193325,88.504,299.2542358,-394566.30625
4870,1020.7478515999999,1.55369,121.0,121.0,81075.384375,-475142.3625,15.770051999999998,4e-07,0.193325,88.98,299.656659,-394066.98125
4880,1023.0936767999999,1.556161,127.0,127.0,81235.1,-474740.90625,143.0361762,4e-07,0.193325,88.411,300.246985,-393505.8
4890,1021.3700438,1.549264,124.0,124.0,81216.278125,-474926.3875,132.27826,4e-07,0.193325,87.458,300.1774108,-393710.10625
4900,1019.7894410000001,1.554,120.0,120.0,81525.2015626,-474466.6625,-58.0395668,4e-07,0.193325,85.922,301.3191956,-392941.45625
4910,1019.174475,1.549298,122.0,122.0,81100.165625,-474680.51875,-58.85597700000001,4e-07,0.193325,86.997,299.7482728,-393580.35625
4920,1021.1374022,1.541246,123.0,123.0,81286.19375020001,-474432.59375,71.765506,4e-07,0.193325,86.351,300.43579719999997,-393146.4
4930,1022.2210693999999,1.545655,127.0,127.0,81250.9109374,-476112.03125,76.2866484,4e-07,0.193325,86.58,300.30541400000004,-394861.11875
4940,1021.0862305999999,1.544795,129.0,129.0,81382.8937502,-475159.175,-130.5707154,4e-07,0.193325,87.205,300.793219,-393776.28125
4950,1020.9956666,1.544428,122.0,122.0,81076.9765624,-475069.6875,76.2012886,4e-07,0.193325,88.446,299.662561,-393992.71875
4960,1020.5047119999999,1.544845,120.0,120.0,80947.471875,-475339.80625,-137.2585204,4e-07,0.193325,88.082,299.1838868,-394392.33125
4970,1020.90885,1.551911,120.0,120.0,81167.5187502,-474899.7625,-68.7291464,4e-07,0.193325,86.192,299.9971984,-393732.2375
4980,1020.5977661999999,1.548603,117.0,117.0,81296.2187498,-475284.90625,96.9530926,4e-07,0.193325,87.901,300.472876,-393988.69375
4990,1021.5873534,1.555886,113.0,113.0,81180.2890626,-475057.00625,-44.543129,4e-07,0.193325,88.107,300.0443968,-393876.7125
5000,1022.917501,1.554028,118.0,118.0,80879.122396,-475193.9479166667,108.860186,4e-07,0.193325,86.775,298.931274,-394314.8229166667
